# SQL

## ReferÃªncias
---
- [MySQL - SQL Statement Syntax](https://dev.mysql.com/doc/refman/5.7/en/sql-syntax.html)
- [Typos do Mysql](https://www.tutorialspoint.com/mysql/mysql-data-types.htm)
- [Oracle - Database SQL Language Reference](https://docs.oracle.com/database/121/SQLRF/toc.htm)
- SQL Tutorial: [W3Schools](https://www.w3schools.com/sql/default.asp) e [TutorialsPoint](https://www.tutorialspoint.com/sql/index.htm)
- SQL cheat sheet: [ZeroTurnaround](https://zeroturnaround.com/rebellabs/sql-cheat-sheet/), [cse.unl.edu](http://cse.unl.edu/~sscott/ShowFiles/SQL/CheatSheet/SQLCheatSheet.html), [hofmannsven](https://gist.github.com/hofmannsven/9164408), [sqltutorial](http://www.sqltutorial.org/sql-cheat-sheet/)

## Comandos
---

```
$ mysql_secure_installation
```

```
$ mysql -u [username] -p
$ mysql -h127.0.0.1 -P3306 -uroot -pabc123
```

```sql
> SHOW DATABASES;
+--------------------+
| Database           |
+--------------------+
| information_schema |
| mysql              |
| performance_schema |
+--------------------+
3 rows in set (0.00 sec)
```

```sql
> CREATE DATABASE monitor_db;
Query OK, 1 row affected (0.00 sec)

> SHOW DATABASES;
+--------------------+
| Database           |
+--------------------+
| information_schema |
| monitor_db         |
| mysql              |
| performance_schema |
+--------------------+
4 rows in set (0.00 sec)
```

```sql
> DROP DATABASE monitor_db;
Query OK, 0 rows affected (0.00 sec)

> SHOW DATABASES;
+--------------------+
| Database           |
+--------------------+
| information_schema |
| mysql              |
| performance_schema |
+--------------------+
3 rows in set (0.00 sec)
```

```sql
> USE monitor_db;
Database changed

> SELECT DATABASE();
+------------+
| DATABASE() |
+------------+
| monitor_db |
+------------+
1 row in set (0.00 sec)
```

```sql
> CREATE TABLE host(
  id int not null auto_increment,
  name varchar(100) not null,
  address varchar(100) not null,
  primary key ( id )
);
Query OK, 0 rows affected (0.00 sec)

> SHOW TABLES;
+----------------------+
| Tables_in_monitor_db |
+----------------------+
| host                 |
+----------------------+
1 row in set (0.00 sec)

> DESCRIBE host;
+---------+--------------+------+-----+---------+----------------+
| Field   | Type         | Null | Key | Default | Extra          |
+---------+--------------+------+-----+---------+----------------+
| id      | int(11)      | NO   | PRI | NULL    | auto_increment |
| name    | varchar(100) | NO   |     | NULL    |                |
| address | varchar(100) | NO   |     | NULL    |                |
+---------+--------------+------+-----+---------+----------------+
3 rows in set (0.00 sec)
```

```sql
> RENAME TABLE host TO hosts;
Query OK, 0 rows affected (0.00 sec)

> SHOW TABLES;
+----------------------+
| Tables_in_monitor_db |
+----------------------+
| hosts                |
+----------------------+
1 row in set (0.01 sec)
```

```sql
> ALTER TABLE host ADD COLUMN mask varchar(100);
Query OK, 0 rows affected (0.01 sec)
Records: 0  Duplicates: 0  Warnings: 0

> DESCRIBE host;
+---------+--------------+------+-----+---------+----------------+
| Field   | Type         | Null | Key | Default | Extra          |
+---------+--------------+------+-----+---------+----------------+
| id      | int(11)      | NO   | PRI | NULL    | auto_increment |
| name    | varchar(100) | NO   |     | NULL    |                |
| address | varchar(100) | NO   |     | NULL    |                |
| mask    | varchar(100) | YES  |     | NULL    |                |
+---------+--------------+------+-----+---------+----------------+
4 rows in set (0.00 sec)

> ALTER TABLE host DROP COLUMN mask;
Query OK, 0 rows affected (0.01 sec)
Records: 0  Duplicates: 0  Warnings: 0

> DESCRIBE host;
+---------+--------------+------+-----+---------+----------------+
| Field   | Type         | Null | Key | Default | Extra          |
+---------+--------------+------+-----+---------+----------------+
| id      | int(11)      | NO   | PRI | NULL    | auto_increment |
| name    | varchar(100) | NO   |     | NULL    |                |
| address | varchar(100) | NO   |     | NULL    |                |
+---------+--------------+------+-----+---------+----------------+
3 rows in set (0.00 sec)
```

```sql
> INSERT INTO host
    VALUES
    (1, 'www.ifpb.edu.br', '200.10.10.10');
Query OK, 1 row affected (0.01 sec)
```

```sql
> INSERT INTO host
    (name, address)
    VALUES
    ('www.ifrn.edu.br', '200.10.10.11'),
    ('www.ifpb.edu.br', '200.10.10.12');
Query OK, 2 rows affected (0.01 sec)
Records: 2  Duplicates: 0  Warnings: 0
```

```sql
> SELECT * FROM host;
+----+-----------------+--------------+
| id | name            | address      |
+----+-----------------+--------------+
|  1 | www.ifpb.edu.br | 200.10.10.10 |
|  2 | www.ifrn.edu.br | 200.10.10.11 |
|  3 | www.ifpb.edu.br | 200.10.10.12 |
+----+-----------------+--------------+
3 rows in set (0.00 sec)
```

```sql
> SELECT name, address FROM host;
+-----------------+--------------+
| name            | address      |
+-----------------+--------------+
| www.ifpb.edu.br | 200.10.10.10 |
| www.ifrn.edu.br | 200.10.10.11 |
| www.ifpb.edu.br | 200.10.10.12 |
+-----------------+--------------+
3 rows in set (0.00 sec)
```

```sql
> SELECT name, address FROM host 
    ORDER BY name;
+-----------------+--------------+
| name            | address      |
+-----------------+--------------+
| www.ifpb.edu.br | 200.10.10.10 |
| www.ifpb.edu.br | 200.10.10.12 |
| www.ifrn.edu.br | 200.10.10.11 |
+-----------------+--------------+
3 rows in set (0.01 sec)
```

```sql
> SELECT name, address FROM host 
    WHERE id = 1;
+-----------------+--------------+
| name            | address      |
+-----------------+--------------+
| www.ifpb.edu.br | 200.10.10.10 |
+-----------------+--------------+
1 row in set (0.00 sec)
```

```sql
> SELECT count(*) FROM host;
+----------+
| count(*) |
+----------+
|        3 |
+----------+
1 row in set (0.00 sec)
```

```sql
> UPDATE host
    SET address = '10.0.0.10'
    WHERE id = 2;
Query OK, 1 row affected (0.01 sec)
Rows matched: 1  Changed: 1  Warnings: 0

> SELECT * FROM host 
    WHERE id = 2;
+----+-----------------+-----------+
| id | name            | address   |
+----+-----------------+-----------+
|  2 | www.ifrn.edu.br | 10.0.0.10 |
+----+-----------------+-----------+
1 row in set (0.00 sec)
```

```sql
> DELETE FROM host
    WHERE id = 2;
Query OK, 1 row affected (0.01 sec)

> SELECT * FROM host 
    WHERE id = 2;
Empty set (0.00 sec)
```

```sql
> exit
Bye
```

```
$ mysqldump -u [username] -p [database] > database_backup.sql
```

```
$ mysql -u [username] -p [database] < database_backup.sql
```
